User Name,First Name,Last Name,Display Name,Job Title,Department,Office Number,Office Phone,Mobile Phone,Fax,Address,City,State or Province,ZIP or Postal Code,Country or Region
KY001@365a1.me,,,kuyou,,,,,,,,,,,
KY002@365a1.me,,,kuyou,,,,,,,,,,,
KY003@365a1.me,,,kuyou,,,,,,,,,,,
KY004@365a1.me,,,kuyou,,,,,,,,,,,
KY005@365a1.me,,,kuyou,,,,,,,,,,,
KY006@365a1.me,,,kuyou,,,,,,,,,,,
KY007@365a1.me,,,kuyou,,,,,,,,,,,
KY008@365a1.me,,,kuyou,,,,,,,,,,,
KY009@365a1.me,,,kuyou,,,,,,,,,,,
KY010@365a1.me,,,kuyou,,,,,,,,,,,
KY011@365a1.me,,,kuyou,,,,,,,,,,,
KY012@365a1.me,,,kuyou,,,,,,,,,,,
KY013@365a1.me,,,kuyou,,,,,,,,,,,
KY014@365a1.me,,,kuyou,,,,,,,,,,,
KY015@365a1.me,,,kuyou,,,,,,,,,,,
KY016@365a1.me,,,kuyou,,,,,,,,,,,
KY017@365a1.me,,,kuyou,,,,,,,,,,,
KY018@365a1.me,,,kuyou,,,,,,,,,,,
KY019@365a1.me,,,kuyou,,,,,,,,,,,
KY020@365a1.me,,,kuyou,,,,,,,,,,,
KY021@365a1.me,,,kuyou,,,,,,,,,,,
KY022@365a1.me,,,kuyou,,,,,,,,,,,
KY023@365a1.me,,,kuyou,,,,,,,,,,,
KY024@365a1.me,,,kuyou,,,,,,,,,,,
KY025@365a1.me,,,kuyou,,,,,,,,,,,
KY026@365a1.me,,,kuyou,,,,,,,,,,,
KY027@365a1.me,,,kuyou,,,,,,,,,,,
KY028@365a1.me,,,kuyou,,,,,,,,,,,
KY029@365a1.me,,,kuyou,,,,,,,,,,,
KY030@365a1.me,,,kuyou,,,,,,,,,,,
KY031@365a1.me,,,kuyou,,,,,,,,,,,
KY032@365a1.me,,,kuyou,,,,,,,,,,,
KY033@365a1.me,,,kuyou,,,,,,,,,,,
KY034@365a1.me,,,kuyou,,,,,,,,,,,
KY035@365a1.me,,,kuyou,,,,,,,,,,,
KY036@365a1.me,,,kuyou,,,,,,,,,,,
KY037@365a1.me,,,kuyou,,,,,,,,,,,
KY038@365a1.me,,,kuyou,,,,,,,,,,,
KY039@365a1.me,,,kuyou,,,,,,,,,,,
KY040@365a1.me,,,kuyou,,,,,,,,,,,
KY041@365a1.me,,,kuyou,,,,,,,,,,,
KY042@365a1.me,,,kuyou,,,,,,,,,,,
KY043@365a1.me,,,kuyou,,,,,,,,,,,
KY044@365a1.me,,,kuyou,,,,,,,,,,,
KY045@365a1.me,,,kuyou,,,,,,,,,,,
KY046@365a1.me,,,kuyou,,,,,,,,,,,
KY047@365a1.me,,,kuyou,,,,,,,,,,,
KY048@365a1.me,,,kuyou,,,,,,,,,,,
KY049@365a1.me,,,kuyou,,,,,,,,,,,
KY050@365a1.me,,,kuyou,,,,,,,,,,,
KY051@365a1.me,,,kuyou,,,,,,,,,,,
KY052@365a1.me,,,kuyou,,,,,,,,,,,
KY053@365a1.me,,,kuyou,,,,,,,,,,,
KY054@365a1.me,,,kuyou,,,,,,,,,,,
KY055@365a1.me,,,kuyou,,,,,,,,,,,
KY056@365a1.me,,,kuyou,,,,,,,,,,,
KY057@365a1.me,,,kuyou,,,,,,,,,,,
KY058@365a1.me,,,kuyou,,,,,,,,,,,
KY059@365a1.me,,,kuyou,,,,,,,,,,,
KY060@365a1.me,,,kuyou,,,,,,,,,,,
KY061@365a1.me,,,kuyou,,,,,,,,,,,
KY062@365a1.me,,,kuyou,,,,,,,,,,,
KY063@365a1.me,,,kuyou,,,,,,,,,,,
KY064@365a1.me,,,kuyou,,,,,,,,,,,
KY065@365a1.me,,,kuyou,,,,,,,,,,,
KY066@365a1.me,,,kuyou,,,,,,,,,,,
KY067@365a1.me,,,kuyou,,,,,,,,,,,
KY068@365a1.me,,,kuyou,,,,,,,,,,,
KY069@365a1.me,,,kuyou,,,,,,,,,,,
KY070@365a1.me,,,kuyou,,,,,,,,,,,
KY071@365a1.me,,,kuyou,,,,,,,,,,,
KY072@365a1.me,,,kuyou,,,,,,,,,,,
KY073@365a1.me,,,kuyou,,,,,,,,,,,
KY074@365a1.me,,,kuyou,,,,,,,,,,,
KY075@365a1.me,,,kuyou,,,,,,,,,,,
KY076@365a1.me,,,kuyou,,,,,,,,,,,
KY077@365a1.me,,,kuyou,,,,,,,,,,,
KY078@365a1.me,,,kuyou,,,,,,,,,,,
KY079@365a1.me,,,kuyou,,,,,,,,,,,
KY080@365a1.me,,,kuyou,,,,,,,,,,,
KY081@365a1.me,,,kuyou,,,,,,,,,,,
KY082@365a1.me,,,kuyou,,,,,,,,,,,
KY083@365a1.me,,,kuyou,,,,,,,,,,,
KY084@365a1.me,,,kuyou,,,,,,,,,,,
KY085@365a1.me,,,kuyou,,,,,,,,,,,
KY086@365a1.me,,,kuyou,,,,,,,,,,,
KY087@365a1.me,,,kuyou,,,,,,,,,,,
KY088@365a1.me,,,kuyou,,,,,,,,,,,
KY089@365a1.me,,,kuyou,,,,,,,,,,,
KY090@365a1.me,,,kuyou,,,,,,,,,,,
KY091@365a1.me,,,kuyou,,,,,,,,,,,
KY092@365a1.me,,,kuyou,,,,,,,,,,,
KY093@365a1.me,,,kuyou,,,,,,,,,,,
KY094@365a1.me,,,kuyou,,,,,,,,,,,
KY095@365a1.me,,,kuyou,,,,,,,,,,,
KY096@365a1.me,,,kuyou,,,,,,,,,,,
KY097@365a1.me,,,kuyou,,,,,,,,,,,
KY098@365a1.me,,,kuyou,,,,,,,,,,,
KY099@365a1.me,,,kuyou,,,,,,,,,,,
KY100@365a1.me,,,kuyou,,,,,,,,,,,
KY101@365a1.me,,,kuyou,,,,,,,,,,,
KY102@365a1.me,,,kuyou,,,,,,,,,,,
KY103@365a1.me,,,kuyou,,,,,,,,,,,
KY104@365a1.me,,,kuyou,,,,,,,,,,,
KY105@365a1.me,,,kuyou,,,,,,,,,,,
KY106@365a1.me,,,kuyou,,,,,,,,,,,
KY107@365a1.me,,,kuyou,,,,,,,,,,,
KY108@365a1.me,,,kuyou,,,,,,,,,,,
KY109@365a1.me,,,kuyou,,,,,,,,,,,
KY110@365a1.me,,,kuyou,,,,,,,,,,,
KY111@365a1.me,,,kuyou,,,,,,,,,,,
KY112@365a1.me,,,kuyou,,,,,,,,,,,
KY113@365a1.me,,,kuyou,,,,,,,,,,,
KY114@365a1.me,,,kuyou,,,,,,,,,,,
KY115@365a1.me,,,kuyou,,,,,,,,,,,
KY116@365a1.me,,,kuyou,,,,,,,,,,,
KY117@365a1.me,,,kuyou,,,,,,,,,,,
KY118@365a1.me,,,kuyou,,,,,,,,,,,
KY119@365a1.me,,,kuyou,,,,,,,,,,,
KY120@365a1.me,,,kuyou,,,,,,,,,,,
KY121@365a1.me,,,kuyou,,,,,,,,,,,
KY122@365a1.me,,,kuyou,,,,,,,,,,,
KY123@365a1.me,,,kuyou,,,,,,,,,,,
KY124@365a1.me,,,kuyou,,,,,,,,,,,
KY125@365a1.me,,,kuyou,,,,,,,,,,,
KY126@365a1.me,,,kuyou,,,,,,,,,,,
KY127@365a1.me,,,kuyou,,,,,,,,,,,
KY128@365a1.me,,,kuyou,,,,,,,,,,,
KY129@365a1.me,,,kuyou,,,,,,,,,,,
KY130@365a1.me,,,kuyou,,,,,,,,,,,
KY131@365a1.me,,,kuyou,,,,,,,,,,,
KY132@365a1.me,,,kuyou,,,,,,,,,,,
KY133@365a1.me,,,kuyou,,,,,,,,,,,
KY134@365a1.me,,,kuyou,,,,,,,,,,,
KY135@365a1.me,,,kuyou,,,,,,,,,,,
KY136@365a1.me,,,kuyou,,,,,,,,,,,
KY137@365a1.me,,,kuyou,,,,,,,,,,,
KY138@365a1.me,,,kuyou,,,,,,,,,,,
KY139@365a1.me,,,kuyou,,,,,,,,,,,
KY140@365a1.me,,,kuyou,,,,,,,,,,,
KY141@365a1.me,,,kuyou,,,,,,,,,,,
KY142@365a1.me,,,kuyou,,,,,,,,,,,
KY143@365a1.me,,,kuyou,,,,,,,,,,,
KY144@365a1.me,,,kuyou,,,,,,,,,,,
KY145@365a1.me,,,kuyou,,,,,,,,,,,
KY146@365a1.me,,,kuyou,,,,,,,,,,,
KY147@365a1.me,,,kuyou,,,,,,,,,,,
KY148@365a1.me,,,kuyou,,,,,,,,,,,
KY149@365a1.me,,,kuyou,,,,,,,,,,,
KY150@365a1.me,,,kuyou,,,,,,,,,,,
KY151@365a1.me,,,kuyou,,,,,,,,,,,
KY152@365a1.me,,,kuyou,,,,,,,,,,,
KY153@365a1.me,,,kuyou,,,,,,,,,,,
KY154@365a1.me,,,kuyou,,,,,,,,,,,
KY155@365a1.me,,,kuyou,,,,,,,,,,,
KY156@365a1.me,,,kuyou,,,,,,,,,,,
KY157@365a1.me,,,kuyou,,,,,,,,,,,
KY158@365a1.me,,,kuyou,,,,,,,,,,,
KY159@365a1.me,,,kuyou,,,,,,,,,,,
KY160@365a1.me,,,kuyou,,,,,,,,,,,
KY161@365a1.me,,,kuyou,,,,,,,,,,,
KY162@365a1.me,,,kuyou,,,,,,,,,,,
KY163@365a1.me,,,kuyou,,,,,,,,,,,
KY164@365a1.me,,,kuyou,,,,,,,,,,,
KY165@365a1.me,,,kuyou,,,,,,,,,,,
KY166@365a1.me,,,kuyou,,,,,,,,,,,
KY167@365a1.me,,,kuyou,,,,,,,,,,,
KY168@365a1.me,,,kuyou,,,,,,,,,,,
KY169@365a1.me,,,kuyou,,,,,,,,,,,
KY170@365a1.me,,,kuyou,,,,,,,,,,,
KY171@365a1.me,,,kuyou,,,,,,,,,,,
KY172@365a1.me,,,kuyou,,,,,,,,,,,
KY173@365a1.me,,,kuyou,,,,,,,,,,,
KY174@365a1.me,,,kuyou,,,,,,,,,,,
KY175@365a1.me,,,kuyou,,,,,,,,,,,
KY176@365a1.me,,,kuyou,,,,,,,,,,,
KY177@365a1.me,,,kuyou,,,,,,,,,,,
KY178@365a1.me,,,kuyou,,,,,,,,,,,
KY179@365a1.me,,,kuyou,,,,,,,,,,,
KY180@365a1.me,,,kuyou,,,,,,,,,,,
KY181@365a1.me,,,kuyou,,,,,,,,,,,
KY182@365a1.me,,,kuyou,,,,,,,,,,,
KY183@365a1.me,,,kuyou,,,,,,,,,,,
KY184@365a1.me,,,kuyou,,,,,,,,,,,
KY185@365a1.me,,,kuyou,,,,,,,,,,,
KY186@365a1.me,,,kuyou,,,,,,,,,,,
KY187@365a1.me,,,kuyou,,,,,,,,,,,
KY188@365a1.me,,,kuyou,,,,,,,,,,,
KY189@365a1.me,,,kuyou,,,,,,,,,,,
KY190@365a1.me,,,kuyou,,,,,,,,,,,
KY191@365a1.me,,,kuyou,,,,,,,,,,,
KY192@365a1.me,,,kuyou,,,,,,,,,,,
KY193@365a1.me,,,kuyou,,,,,,,,,,,
KY194@365a1.me,,,kuyou,,,,,,,,,,,
KY195@365a1.me,,,kuyou,,,,,,,,,,,
KY196@365a1.me,,,kuyou,,,,,,,,,,,
KY197@365a1.me,,,kuyou,,,,,,,,,,,
KY198@365a1.me,,,kuyou,,,,,,,,,,,
